검색어,업체명,순위,찾음,검색날짜
의정부 미용실,설렘헤어,38,True,2025-03-14
의정부 미용실,설렘헤어,38,True,2025-03-14
의정부 미용실,설렘헤어,38,True,2025-03-14
의정부 미용실,설렘헤어,38,True,2025-03-15
의정부 미용실,설렘헤어,36,True,2025-03-16
의정부 미용실,설렘헤어,36,True,2025-03-17
의정부 미용실,설렘헤어,37,True,2025-03-18
의정부 미용실,설렘헤어,38,True,2025-03-19
의정부 미용실,설렘헤어,37,True,2025-03-20
의정부 미용실,설렘헤어,37,True,2025-03-21
의정부 미용실,설렘헤어,48,True,2025-03-22
의정부 미용실,설렘헤어,56,True,2025-03-23
의정부 미용실,설렘헤어,57,True,2025-03-24
의정부 미용실,설렘헤어,57,True,2025-03-25
의정부 미용실,설렘헤어,찾을 수 없음,False,2025-03-26
의정부 미용실,설렘헤어,61,True,2025-03-27
의정부 미용실,설렘헤어,62,True,2025-03-28
의정부 미용실,설렘헤어,61,True,2025-03-29
의정부 미용실,설렘헤어,64,True,2025-03-30
의정부 미용실,설렘헤어,60,True,2025-03-31
의정부 미용실,설렘헤어,54,True,2025-04-01
의정부 미용실,설렘헤어,53,True,2025-04-02
의정부 미용실,설렘헤어,56,True,2025-04-03
의정부 미용실,설렘헤어,61,True,2025-04-04
의정부 미용실,설렘헤어,63,True,2025-04-05
의정부 미용실,설렘헤어,59,True,2025-04-06
의정부 미용실,설렘헤어,58,True,2025-04-07
의정부 미용실,설렘헤어,58,True,2025-04-08
의정부 미용실,설렘헤어,58,True,2025-04-09
의정부 미용실,설렘헤어,58,True,2025-04-10
의정부 미용실,설렘헤어,55,True,2025-04-11
의정부 미용실,설렘헤어,56,True,2025-04-12
의정부 미용실,설렘헤어,58,True,2025-04-13
의정부 미용실,설렘헤어,59,True,2025-04-14
의정부 미용실,설렘헤어,61,True,2025-04-15
의정부 미용실,설렘헤어,60,True,2025-04-16
의정부 미용실,설렘헤어,60,True,2025-04-17
의정부 미용실,설렘헤어,61,True,2025-04-18
의정부 미용실,설렘헤어,59,True,2025-04-19
의정부 미용실,설렘헤어,58,True,2025-04-20
의정부 미용실,설렘헤어,57,True,2025-04-21
의정부 미용실,설렘헤어,56,True,2025-04-22
의정부 미용실,설렘헤어,54,True,2025-04-23
의정부 미용실,설렘헤어,58,True,2025-04-24
의정부 미용실,설렘헤어,70,True,2025-04-25
의정부 미용실,설렘헤어,찾을 수 없음,False,2025-04-26
의정부 미용실,설렘헤어,69,True,2025-04-27
의정부 미용실,설렘헤어,찾을 수 없음,False,2025-04-28
의정부 미용실,설렘헤어,찾을 수 없음,False,2025-04-29
의정부 미용실,설렘헤어,찾을 수 없음,False,2025-04-30
의정부 미용실,설렘헤어,찾을 수 없음,False,2025-05-01
의정부 미용실,설렘헤어,찾을 수 없음,False,2025-05-02
의정부 미용실,설렘헤어,찾을 수 없음,False,2025-05-03
의정부 미용실,설렘헤어,찾을 수 없음,False,2025-05-04
의정부 미용실,설렘헤어,찾을 수 없음,False,2025-05-05
의정부 미용실,설렘헤어,찾을 수 없음,False,2025-05-06
의정부 미용실,설렘헤어,찾을 수 없음,False,2025-05-07
의정부 미용실,설렘헤어,찾을 수 없음,False,2025-05-08
의정부 미용실,설렘헤어,찾을 수 없음,False,2025-05-09
의정부 미용실,설렘헤어,찾을 수 없음,False,2025-05-10
의정부 미용실,설렘헤어,찾을 수 없음,False,2025-05-11
의정부 미용실,설렘헤어,찾을 수 없음,False,2025-05-12
의정부 미용실,설렘헤어,찾을 수 없음,False,2025-05-13
의정부 미용실,설렘헤어,찾을 수 없음,False,2025-05-14
의정부 미용실,설렘헤어,찾을 수 없음,False,2025-05-15
의정부 미용실,설렘헤어,찾을 수 없음,False,2025-05-16
의정부 미용실,설렘헤어,찾을 수 없음,False,2025-05-17
의정부 미용실,설렘헤어,찾을 수 없음,False,2025-05-18
의정부 미용실,설렘헤어,찾을 수 없음,False,2025-05-19
의정부 미용실,설렘헤어,찾을 수 없음,False,2025-05-20
의정부 미용실,설렘헤어,찾을 수 없음,False,2025-05-21
의정부 미용실,설렘헤어,찾을 수 없음,False,2025-05-22
의정부 미용실,설렘헤어,찾을 수 없음,False,2025-05-23
의정부 미용실,설렘헤어,찾을 수 없음,False,2025-05-24
의정부 미용실,설렘헤어,찾을 수 없음,False,2025-05-25
의정부 미용실,설렘헤어,찾을 수 없음,False,2025-05-26
의정부 미용실,설렘헤어,찾을 수 없음,False,2025-05-27
의정부 미용실,설렘헤어,찾을 수 없음,False,2025-05-28
의정부 미용실,설렘헤어,찾을 수 없음,False,2025-05-29
의정부 미용실,설렘헤어,찾을 수 없음,False,2025-05-30
의정부 미용실,설렘헤어,찾을 수 없음,False,2025-05-31
의정부 미용실,설렘헤어,찾을 수 없음,False,2025-06-01
의정부 미용실,설렘헤어,찾을 수 없음,False,2025-06-02
의정부 미용실,설렘헤어,찾을 수 없음,False,2025-06-03
의정부 미용실,설렘헤어,찾을 수 없음,False,2025-06-04
의정부 미용실,설렘헤어,찾을 수 없음,False,2025-06-05
의정부 미용실,설렘헤어,찾을 수 없음,False,2025-06-06
의정부 미용실,설렘헤어,찾을 수 없음,False,2025-06-07
의정부 미용실,설렘헤어,찾을 수 없음,False,2025-06-08
의정부 미용실,설렘헤어,찾을 수 없음,False,2025-06-09
의정부 미용실,설렘헤어,찾을 수 없음,False,2025-06-10
의정부 미용실,설렘헤어,찾을 수 없음,False,2025-06-11
의정부 미용실,설렘헤어,찾을 수 없음,False,2025-06-12
의정부 미용실,설렘헤어,찾을 수 없음,False,2025-06-13
의정부 미용실,설렘헤어,찾을 수 없음,False,2025-06-14
의정부 미용실,설렘헤어,찾을 수 없음,False,2025-06-15
의정부 미용실,설렘헤어,찾을 수 없음,False,2025-06-16
의정부 미용실,설렘헤어,찾을 수 없음,False,2025-06-17
의정부 미용실,설렘헤어,찾을 수 없음,False,2025-06-18
의정부 미용실,설렘헤어,찾을 수 없음,False,2025-06-19
의정부 미용실,설렘헤어,찾을 수 없음,False,2025-06-20
의정부 미용실,설렘헤어,68,True,2025-06-21
의정부 미용실,설렘헤어,찾을 수 없음,False,2025-06-22
의정부 미용실,설렘헤어,찾을 수 없음,False,2025-06-23
의정부 미용실,설렘헤어,찾을 수 없음,False,2025-06-24
의정부 미용실,설렘헤어,찾을 수 없음,False,2025-06-25
의정부 미용실,설렘헤어,70,True,2025-06-26
의정부 미용실,설렘헤어,찾을 수 없음,False,2025-06-27
의정부 미용실,설렘헤어,찾을 수 없음,False,2025-06-28
의정부 미용실,설렘헤어,찾을 수 없음,False,2025-06-29
의정부 미용실,설렘헤어,찾을 수 없음,False,2025-06-30
의정부 미용실,설렘헤어,찾을 수 없음,False,2025-07-01
의정부 미용실,설렘헤어,찾을 수 없음,False,2025-07-02
의정부 미용실,설렘헤어,찾을 수 없음,False,2025-07-03
의정부 미용실,설렘헤어,찾을 수 없음,False,2025-07-04
의정부 미용실,설렘헤어,찾을 수 없음,False,2025-07-05
의정부 미용실,설렘헤어,70,True,2025-07-06
의정부 미용실,설렘헤어,찾을 수 없음,False,2025-07-07
의정부 미용실,설렘헤어,찾을 수 없음,False,2025-07-08
의정부 미용실,설렘헤어,70,True,2025-07-09
의정부 미용실,설렘헤어,69,True,2025-07-10
의정부 미용실,설렘헤어,찾을 수 없음,False,2025-07-11
의정부 미용실,설렘헤어,찾을 수 없음,False,2025-07-12
의정부 미용실,설렘헤어,찾을 수 없음,False,2025-07-13
의정부 미용실,설렘헤어,찾을 수 없음,False,2025-07-14
의정부 미용실,설렘헤어,찾을 수 없음,False,2025-07-15
의정부 미용실,설렘헤어,찾을 수 없음,False,2025-07-16
의정부 미용실,설렘헤어,찾을 수 없음,False,2025-07-17
의정부 미용실,설렘헤어,찾을 수 없음,False,2025-07-18
의정부 미용실,설렘헤어,찾을 수 없음,False,2025-07-19
의정부 미용실,설렘헤어,찾을 수 없음,False,2025-07-20
의정부 미용실,설렘헤어,찾을 수 없음,False,2025-07-21
의정부 미용실,설렘헤어,찾을 수 없음,False,2025-07-22
의정부 미용실,설렘헤어,찾을 수 없음,False,2025-07-23
의정부 미용실,설렘헤어,찾을 수 없음,False,2025-07-24
의정부 미용실,설렘헤어,찾을 수 없음,False,2025-07-25
의정부 미용실,설렘헤어,찾을 수 없음,False,2025-07-26
의정부 미용실,설렘헤어,찾을 수 없음,False,2025-07-27
의정부 미용실,설렘헤어,찾을 수 없음,False,2025-07-28
의정부 미용실,설렘헤어,찾을 수 없음,False,2025-07-29
의정부 미용실,설렘헤어,찾을 수 없음,False,2025-07-30
의정부 미용실,설렘헤어,찾을 수 없음,False,2025-07-31
의정부 미용실,설렘헤어,찾을 수 없음,False,2025-08-01
의정부 미용실,설렘헤어,찾을 수 없음,False,2025-08-02
의정부 미용실,설렘헤어,찾을 수 없음,False,2025-08-03
의정부 미용실,설렘헤어,찾을 수 없음,False,2025-08-04
의정부 미용실,설렘헤어,찾을 수 없음,False,2025-08-05
의정부 미용실,설렘헤어,찾을 수 없음,False,2025-08-06
의정부 미용실,설렘헤어,찾을 수 없음,False,2025-08-07
의정부 미용실,설렘헤어,찾을 수 없음,False,2025-08-08
의정부 미용실,설렘헤어,찾을 수 없음,False,2025-08-09
의정부 미용실,설렘헤어,찾을 수 없음,False,2025-08-10
의정부 미용실,설렘헤어,찾을 수 없음,False,2025-08-11
의정부 미용실,설렘헤어,찾을 수 없음,False,2025-08-12
의정부 미용실,설렘헤어,찾을 수 없음,False,2025-08-13
의정부 미용실,설렘헤어,찾을 수 없음,False,2025-08-14
의정부 미용실,설렘헤어,찾을 수 없음,False,2025-08-15
의정부 미용실,설렘헤어,찾을 수 없음,False,2025-08-16
의정부 미용실,설렘헤어,찾을 수 없음,False,2025-08-17
의정부 미용실,설렘헤어,찾을 수 없음,False,2025-08-18
의정부 미용실,설렘헤어,찾을 수 없음,False,2025-08-19
의정부 미용실,설렘헤어,찾을 수 없음,False,2025-08-20
의정부 미용실,설렘헤어,찾을 수 없음,False,2025-08-21
의정부 미용실,설렘헤어,찾을 수 없음,False,2025-08-22
의정부 미용실,설렘헤어,찾을 수 없음,False,2025-08-23
의정부 미용실,설렘헤어,찾을 수 없음,False,2025-08-24
의정부 미용실,설렘헤어,찾을 수 없음,False,2025-08-25
의정부 미용실,설렘헤어,찾을 수 없음,False,2025-08-26
의정부 미용실,설렘헤어,찾을 수 없음,False,2025-08-27
의정부 미용실,설렘헤어,찾을 수 없음,False,2025-08-28
의정부 미용실,설렘헤어,찾을 수 없음,False,2025-08-29
의정부 미용실,설렘헤어,찾을 수 없음,False,2025-08-30
의정부 미용실,설렘헤어,찾을 수 없음,False,2025-08-31
의정부 미용실,설렘헤어,찾을 수 없음,False,2025-09-01
의정부 미용실,설렘헤어,찾을 수 없음,False,2025-09-02
의정부 미용실,설렘헤어,찾을 수 없음,False,2025-09-03
의정부 미용실,설렘헤어,찾을 수 없음,False,2025-09-04
의정부 미용실,설렘헤어,찾을 수 없음,False,2025-09-05
의정부 미용실,설렘헤어,찾을 수 없음,False,2025-09-06
의정부 미용실,설렘헤어,찾을 수 없음,False,2025-09-07
의정부 미용실,설렘헤어,찾을 수 없음,False,2025-09-08
의정부 미용실,설렘헤어,찾을 수 없음,False,2025-09-09
의정부 미용실,설렘헤어,찾을 수 없음,False,2025-09-10
의정부 미용실,설렘헤어,찾을 수 없음,False,2025-09-11
의정부 미용실,설렘헤어,찾을 수 없음,False,2025-09-12
의정부 미용실,설렘헤어,찾을 수 없음,False,2025-09-13
의정부 미용실,설렘헤어,70,True,2025-09-14
의정부 미용실,설렘헤어,찾을 수 없음,False,2025-09-15
의정부 미용실,설렘헤어,찾을 수 없음,False,2025-09-16
의정부 미용실,설렘헤어,찾을 수 없음,False,2025-09-17
의정부 미용실,설렘헤어,찾을 수 없음,False,2025-09-18
의정부 미용실,설렘헤어,찾을 수 없음,False,2025-09-19
의정부 미용실,설렘헤어,찾을 수 없음,False,2025-09-20
의정부 미용실,설렘헤어,찾을 수 없음,False,2025-09-21
의정부 미용실,설렘헤어,찾을 수 없음,False,2025-09-22
의정부 미용실,설렘헤어,찾을 수 없음,False,2025-09-23
의정부 미용실,설렘헤어,찾을 수 없음,False,2025-09-24
의정부 미용실,설렘헤어,찾을 수 없음,False,2025-09-25
의정부 미용실,설렘헤어,찾을 수 없음,False,2025-09-26
의정부 미용실,설렘헤어,69,True,2025-09-27
의정부 미용실,설렘헤어,68,True,2025-09-28
의정부 미용실,설렘헤어,69,True,2025-09-29
의정부 미용실,설렘헤어,69,True,2025-09-30
의정부 미용실,설렘헤어,70,True,2025-10-01
의정부 미용실,설렘헤어,65,True,2025-10-02
의정부 미용실,설렘헤어,66,True,2025-10-03
의정부 미용실,설렘헤어,67,True,2025-10-04
의정부 미용실,설렘헤어,찾을 수 없음,False,2025-10-05
의정부 미용실,설렘헤어,67,True,2025-10-06
의정부 미용실,설렘헤어,68,True,2025-10-07
의정부 미용실,설렘헤어,찾을 수 없음,False,2025-10-08
의정부 미용실,설렘헤어,찾을 수 없음,False,2025-10-09
의정부 미용실,설렘헤어,찾을 수 없음,False,2025-10-10
의정부 미용실,설렘헤어,찾을 수 없음,False,2025-10-11
의정부 미용실,설렘헤어,찾을 수 없음,False,2025-10-12
의정부 미용실,설렘헤어,찾을 수 없음,False,2025-10-13
의정부 미용실,설렘헤어,찾을 수 없음,False,2025-10-14
의정부 미용실,설렘헤어,찾을 수 없음,False,2025-10-15
의정부 미용실,설렘헤어,찾을 수 없음,False,2025-10-16
의정부 미용실,설렘헤어,찾을 수 없음,False,2025-10-17
의정부 미용실,설렘헤어,찾을 수 없음,False,2025-10-18
의정부 미용실,설렘헤어,찾을 수 없음,False,2025-10-19
의정부 미용실,설렘헤어,찾을 수 없음,False,2025-10-20
의정부 미용실,설렘헤어,찾을 수 없음,False,2025-10-21
의정부 미용실,설렘헤어,찾을 수 없음,False,2025-10-22
의정부 미용실,설렘헤어,찾을 수 없음,False,2025-10-23
의정부 미용실,설렘헤어,찾을 수 없음,False,2025-10-24
의정부 미용실,설렘헤어,70,True,2025-10-25
의정부 미용실,설렘헤어,70,True,2025-10-26
의정부 미용실,설렘헤어,찾을 수 없음,False,2025-10-27
의정부 미용실,설렘헤어,찾을 수 없음,False,2025-10-28
의정부 미용실,설렘헤어,찾을 수 없음,False,2025-10-29
의정부 미용실,설렘헤어,찾을 수 없음,False,2025-10-30
의정부 미용실,설렘헤어,찾을 수 없음,False,2025-10-31
의정부 미용실,설렘헤어,찾을 수 없음,False,2025-11-01
의정부 미용실,설렘헤어,찾을 수 없음,False,2025-11-02
의정부 미용실,설렘헤어,찾을 수 없음,False,2025-11-03
의정부 미용실,설렘헤어,찾을 수 없음,False,2025-11-04
의정부 미용실,설렘헤어,찾을 수 없음,False,2025-11-05
의정부 미용실,설렘헤어,찾을 수 없음,False,2025-11-06
의정부 미용실,설렘헤어,찾을 수 없음,False,2025-11-07
의정부 미용실,설렘헤어,67,True,2025-11-08
의정부 미용실,설렘헤어,68,True,2025-11-09
의정부 미용실,설렘헤어,64,True,2025-11-10
의정부 미용실,설렘헤어,67,True,2025-11-11
의정부 미용실,설렘헤어,69,True,2025-11-12
의정부 미용실,설렘헤어,찾을 수 없음,False,2025-11-13
의정부 미용실,설렘헤어,찾을 수 없음,False,2025-11-14
의정부 미용실,설렘헤어,찾을 수 없음,False,2025-11-15
의정부 미용실,설렘헤어,찾을 수 없음,False,2025-11-16
의정부 미용실,설렘헤어,찾을 수 없음,False,2025-11-17
의정부 미용실,설렘헤어,69,True,2025-11-18
의정부 미용실,설렘헤어,68,True,2025-11-19
의정부 미용실,설렘헤어,66,True,2025-11-20
의정부 미용실,설렘헤어,65,True,2025-11-21
의정부 미용실,설렘헤어,64,True,2025-11-22
의정부 미용실,설렘헤어,찾을 수 없음,False,2025-11-23
의정부 미용실,설렘헤어,찾을 수 없음,False,2025-11-24
의정부 미용실,설렘헤어,찾을 수 없음,False,2025-11-25
의정부 미용실,설렘헤어,찾을 수 없음,False,2025-11-26
의정부 미용실,설렘헤어,찾을 수 없음,False,2025-11-27
의정부 미용실,설렘헤어,찾을 수 없음,False,2025-11-28
의정부 미용실,설렘헤어,찾을 수 없음,False,2025-11-29
의정부 미용실,설렘헤어,찾을 수 없음,False,2025-11-30
의정부 미용실,설렘헤어,찾을 수 없음,False,2025-12-01
의정부 미용실,설렘헤어,찾을 수 없음,False,2025-12-02
의정부 미용실,설렘헤어,찾을 수 없음,False,2025-12-03
의정부 미용실,설렘헤어,찾을 수 없음,False,2025-12-04
의정부 미용실,설렘헤어,찾을 수 없음,False,2025-12-05
의정부 미용실,설렘헤어,찾을 수 없음,False,2025-12-06
의정부 미용실,설렘헤어,찾을 수 없음,False,2025-12-07
의정부 미용실,설렘헤어,찾을 수 없음,False,2025-12-08
의정부 미용실,설렘헤어,찾을 수 없음,False,2025-12-09
의정부 미용실,설렘헤어,찾을 수 없음,False,2025-12-10
의정부 미용실,설렘헤어,찾을 수 없음,False,2025-12-11
의정부 미용실,설렘헤어,찾을 수 없음,False,2025-12-12
의정부 미용실,설렘헤어,찾을 수 없음,False,2025-12-13
의정부 미용실,설렘헤어,찾을 수 없음,False,2025-12-14
의정부 미용실,설렘헤어,찾을 수 없음,False,2025-12-15
